#{"t_start": 1727521379.093757, "env_id": "BipedalWalker-v3"}
r,l,t
-116.253858,1600,5.212678
-104.710781,75,5.233868
